KIC,period,class
1026032,8.460437800000001,sp
1026957,21.761305800000002,sp
1161345,4.2874555,sp
1432214,161.7883,fl
1433410,0.2832752,ev
1433980,1.5926344,ev
1571511,14.022451,sp?
1572353,0.2289313,ev
1573836,3.5570929,hb
1575690,2.2524281000000004,sp
1722276,569.95,sp
1868650,0.5847312,ev
1873513,3.2903828,sp?
1995732,77.3627213,fl
2010607,18.632296,hb
2012362,0.3863229,ev
2019076,7.129228200000001,sp
2141697,0.3310425,ev
2159783,0.3738842,ev
2161623,2.2834697999999998,ev
2162283,0.9063779000000001,ev
2162994,4.1015955,sp
2166200,8.0969564,fl
2167890,2.6483007,sp
2302092,0.29467340000000003,ev
2305277,0.3787718,ev
2305372,1.404692,ev
2305543,1.3622735000000001,sp
2306740,10.306987,sp
2306756,386.6,fl
2307199,13.4471107,sp?
2307206,204.0313791,fl
2308957,2.2196838,ev
2309587,1.8385106,sp
2309719,54.3563603,sp?
2435971,0.271828,ev
2436378,8.531613,fl
2437038,0.2676785,ev
2437060,3.1871104,sp
2437149,18.798734699999997,fl
2437452,14.4699302,sp?
2437505,21.476422,fl
2438061,4.885852099999999,sp
2438490,3.3157672999999996,sp
2440757,1.4337707,sp?
2441161,4.38398,sp
2442084,49.788597700000004,sp
2444187,0.3901594,ev
2444348,103.2069891,fl
2445134,8.4120089,sp?
2445975,3.3888824,sp
2446623,175.06572,fl
2447893,0.66162,sp?
2448320,0.2741085,ev
2449084,0.7397571,ev
2449090,4.944,sp
2450566,1.8445870999999998,ev
2452440,8.0970448,sp
2453212,0.436716,ev
2556127,0.41887129999999995,ev?
2557430,1.2977364,sp
2558370,0.5462481,sp?
2569494,1.5233235,ot
2570289,0.2790278,ev
2571439,0.32097909999999996,ev
2576107,205.58301699999998,fl
2576692,87.8785329,fl
2577756,0.8703334999999999,ev?
2580872,15.926627599999998,sp
2693092,39.8415237,fl
2694741,0.32664740000000003,ev
2695740,3.6158751000000002,ev
2696703,6.094094,pu
2697935,21.5133595,hb
2708156,1.8912721000000001,ot
2708614,52.8858904,fl
2711114,2.8588804,sp
2715007,0.2971105,ev
2715417,0.23643989999999998,ev
2717141,0.3945715,ev
2719436,0.7434797,ev
2719873,17.279290200000002,sp
2720096,26.674679700000002,hb
2720354,2.8213281,pu
2831632,2.573172,ev
2835289,0.8577619000000001,ev
2851100,0.8901084,fl
2851474,2.7682927000000004,ev
2852560,11.9613082,sp
2854432,0.3223256,ev
2854752,0.47043290000000004,ev
2854948,0.9743044,sp
2858322,0.4363999,ev
2860594,5.499944599999999,ev
2860788,5.2597422,sp
2970804,0.6869923000000001,fl
2972514,0.5034853,ev
2973509,6.6276114,sp
2983113,0.39516009999999996,ev
2987433,420.93,fl
2988984,0.7130196,ev
2996347,0.3010109,ev
2997455,1.12985,sp?
2998124,28.597884399999998,fl
3003991,7.2447788,sp
3097352,4.02984,sp
3098194,30.4765309,sp
3102000,57.0600095,sp
3102024,13.7825215,sp
3104113,0.846786,ev
3113266,0.9958613000000002,fl
3114667,0.8885831,sp
3115480,3.6937025,sp
3119295,0.4396981,ev
3120320,10.265613400000001,sp
3122985,0.9934885,sp
3124420,0.9489508,sp?
3127817,4.3271394,sp?
3127873,0.6715256,ev
3128793,24.6793813,sp
3218683,0.7716695,sp
3221207,0.4738303,ev
3222471,618.42,sp
3228824,0.7309423,fl
3228863,0.7309439999999999,ev
3230227,7.047106200000001,hb
3230578,6.337610099999999,ev
3230787,17.734052300000002,sp
3231120,3.90009,sp
3232823,0.42390690000000003,ev
3240159,82.13765490000002,fl
3240706,5.489865099999999,fl
3240976,15.238869099999999,hb
3241344,3.9126782999999996,sp
3241619,1.7033444,sp
3245776,1.4920589,ev
3247294,67.4188276,fl
3248019,2.6682217,sp
3248332,7.363606599999999,sp?
3323289,33.693201200000004,sp
3327980,4.2310217,ev
3335816,7.4220063,sp
3338660,1.8733805000000001,ev
3339538,14.6580139,sp
3339563,0.8412315,ev
3340313,30.5537,fl
3341934,18.8394967,sp?
3342425,0.39341479999999995,ev
3342592,17.177326100000002,fl
3344427,0.6517851,sp
3345675,120.00401029999999,fl
3347485,7.5448413,ev
3348093,7.96442,sp
3351945,1.0805381,sp
3352751,3.4954552000000003,ev
3353233,0.3157777,ev
3354616,0.27698259999999997,ot
3427776,4.0166817,sp
3428468,114.90867959999999,fl
3431321,1.0150487,ev
3433668,15.0217983,sp
3437778,0.6355819,ev
3437800,0.3626791,ev
3438975,2.9760959,fl
3439031,5.9520263,ev
3439180,0.3250651,ev
3440230,2.8811009999999997,ev
3441784,52.5687259,pu?
3442054,117.68138200000001,sp?
3443519,0.353627,ev
3443790,1.6657838,sp
3448245,0.51349,ev
3449540,3.2120062000000003,sp
3454864,0.2941204,ev
3458919,0.8920610000000001,sp
3459199,3.1410343,sp
3530668,1.9462005,sp
3534118,178.4135574,fl
3542573,6.9427958,sp
3543270,4.176929400000001,sp
3544694,3.8457,sp
3545476,0.3176886,ev
3547091,3.3055782,sp
3547111,1.2078358999999999,ev
3547315,1.2847,sp
3547874,19.692172199999998,hb
3549994,0.3471816,ev
3556229,0.7967201999999999,ev
3557421,0.3937276,ev
3558822,1.3534207,ev
3558981,2.9878584999999998,sp
3560212,0.3460643,ev
3633901,0.807387,ev
3641446,2.1000143,ev
3644542,119.6797949,fl
3654950,8.1347246,sp
3655326,15.066503400000002,fl
3656322,3.6636036,sp
3659940,0.8962698,sp
3662635,0.9393754999999999,sp
3729724,16.4187555,hb
3730067,0.29407859999999997,ev
3732732,0.3961872,ev
3734660,19.9421366,hb
3734868,10.328036,sp
3735597,1.9663556,ev
3735629,9.3283461,sp
3743834,0.2736148,ev
3745184,0.30423279999999997,ev
3749404,20.306385199999998,hb
3749508,1.0657337,sp
3756730,0.3791639,ev
3757588,24.089980899999997,sp
3757590,135.58606980000002,fl
3757778,36.5143967,fl
3761175,5.1623434,ev
3764714,6.6332758,hb
3765708,0.43141890000000005,ev
3765771,5.5677174,fl
3766353,2.6669647999999997,hb
3830820,15.582788,sp?
3832382,0.2726487,ev
3833859,0.4317433,ev
3834322,0.996858,sp
3834364,2.9084548999999997,sp
3836439,1.5403954,ev
3836522,1.5403797,fl
3837677,0.46198409999999995,ev
3838496,5.9803964999999994,sp
3839964,0.2561499,ev
3848042,0.4114527,ev
3848919,1.0472603,sp
3848972,0.7410574000000001,sp?
3849155,1.1683132999999999,fl
3850086,19.1142466,ot
3851193,1.3410787,ev
3851320,1.2385693000000002,ev
3851949,54.771107799999996,fl
3852655,11.629058,sp
3853259,0.2766478,ev
3853673,0.6437959,fl
3858879,25.9523109,fl
3858884,25.951930899999997,pu
3858949,25.951138699999998,fl
3861595,3.8493669,sp
3862171,6.9964614,ot
3862246,4.7024935,sp
3865298,9.530634599999999,sp
3867593,73.33202170000001,pu
3869326,8.586044000000001,fl
3869825,4.8006556,ot
3935319,0.3531307,ev
3936357,0.36915359999999997,ev
3938073,31.0243119,sp?
3953106,13.174370000000001,sp
3953981,0.49201720000000004,ev
3954227,0.594276,sp?
3954798,0.91848,ev
3955867,33.6599615,sp
3956545,0.33028009999999997,ev
3956881,0.6969455,ev
3957477,0.9790521999999999,sp
3958488,0.622891,ev
3964545,3.0124754,sp
3965242,0.9967235999999999,sp
3965556,6.556770200000001,ot
3966491,1.3519722,ev
3966912,55.6636799,fl
3969362,0.4105683,ev
3970117,110.29512209999999,fl
3970233,8.2549143,sp
3971315,9.8922771,fl
3972629,0.2442402,ev
3973002,3.9841974000000002,sp
3973504,4.3187277,sp
3973549,1.3899549999999998,sp?
4035675,2.8736622000000005,sp
4036687,0.2997993,ev
4037163,0.635444,sp?
4037428,4.2647283,sp
4042026,34.8200461,fl
4043443,119.84024009999999,sp?
4044005,17.5119471,sp
4049124,4.8044707,sp
4054905,274.7090224,fl
4055092,76.4531535,fl
4058169,282.5361601,fl
4059656,4.0593977,sp?
4066203,0.3625492,ev
4069063,0.5042960999999999,ev
4069213,5.1942561,ev
4070376,1.6346136,ev
4071600,1.6746345,ev
4073678,0.28824429999999995,ev?
4074532,0.3531526,ev
4074708,0.30211659999999996,ev
4075064,61.4228063,sp
4076952,9.7611686,ev
4077442,0.6928422,ev
4078157,16.0246714,fl
4078693,2.7565307999999997,sp
4079530,17.7271,sp?
4138301,0.2533791,ev
4142768,27.991603,ot
4144236,22.9134572,sp?
4149684,4.3208494,sp
4150136,9.4784025,ot
4150390,55.2514777,fl
4157488,5.1974199,ev
4159347,12.283555300000002,sp
4164393,49.6127564,fl
4165960,13.549178099999999,fl
4168013,0.3108761,ev
4169521,1.1725557,ev
4174507,3.891825,sp
4178389,23.210523300000002,sp
4241946,0.284384,ev
4242692,2.2770704,sp
4244929,0.3414027,ev
4245897,11.2578219,ev
4247023,47.1906146,fl
4247092,21.0564163,fl
4247991,104.35,sp
4248941,8.644597599999999,ot
4249218,0.3161948,ev
4252226,21.8589584,sp
4252322,14.591516500000001,sp
4253860,155.0611116,ot
4255422,165.4057448,fl
4263529,10.1040158,sp
4273411,1.2196984,ev
4275739,4.343656299999999,sp
4276114,3.7224071000000003,sp
4281895,9.543588,fl
4285087,4.4860312,sp
4346875,4.6942191,sp
4349483,0.5091405999999999,ev
4350454,0.9656582,ev
4352168,10.6437482,sp
4357272,2.0859499,sp
4358206,0.9511619,sp?
4359851,13.542328,ot
4360072,1087.3,fl
4365442,1.7144131999999999,fl
4365461,3.4288300000000005,ev
4366923,646.29,sp?
4367544,2.3912218999999997,ot
4372379,4.5351710999999995,ot
4372705,1.2786674999999998,ev
4372765,15.6398,fl
4375101,61.2596016,fl
4376644,27.677704300000002,sp?
4377638,2.8218747000000004,ot
4380283,1.7447194,sp
4385109,0.27464770000000005,ev
4386047,2.90069,sp
4445630,5.6279121,sp?
4450976,12.044869,ot
4451148,0.7359835,ev
4454219,1.225733,sp?
4455763,0.7662979999999999,sp
4456622,1.5028164,sp?
4458989,0.5298544,ev
4459068,24.955994600000004,ot
4464999,0.4341644,ev
4466356,14.1281577,fl
4466691,0.4826514,ev
4470124,11.4389838,ot
4473933,103.5926245,sp
4474193,0.3225048,ev
4474637,3.8867254,ev
4476900,0.2796663,ev
4480676,1.4239338,sp?
4484356,1.1441593,sp?
4540632,31.005399100000005,sp
4544587,2.1890973,ot
4545729,18.3835201,ot
4547067,0.407575,ev
4547308,0.5769285,ev
4547480,4.4269474,sp
4550750,1.5677741000000003,ev
4551328,1.0441159,ot
4554004,0.7425074,ev
4563150,0.2747205,ev
4569590,41.3701999,sp
4569923,0.3135835,ev
4570326,1.1215525,ev
4571536,0.676715,fl
4574310,1.3062201,ev
4578594,252.155,fl
4579321,2.1123950000000002,sp
4586482,623.0,fl
4633434,22.2712087,sp?
4638237,290.14,fl
4639868,53.1009652,sp
4647652,1.064824,ev
4649305,22.6511384,ot
4649324,1.0356908,ev
4649440,19.3707322,fl
4651526,0.29814509999999994,ev
4659255,198.013278,fl
4659476,58.99637370000001,ot
4660997,0.5625604000000001,ev
4661397,0.2923249,ev
4661634,73.8941769,fl
4663623,358.1,fl
4665989,2.2480672999999998,ev
4669402,8.4964677,ot
4669592,0.3784276,ev
4670267,2.0060984,ev
4671584,5.5933253,sp
4672934,0.3827468,ev
4677321,1.5721808000000002,ev
4678171,15.2887092,sp?
4679687,1.0279026,sp?
4681152,1.8359218999999998,ev?
4729553,0.9612925999999999,ev
4736208,63.68189079999999,ot
4737267,9.5240765,sp
4737302,9.4555885,ev
4738426,0.24883520000000003,ev
4739194,1.246586,ev
4739791,0.8989210999999999,ev
4740676,3.4542411,ev
4743508,2.0860790000000002,sp
4743626,1.3028753999999998,ev
4751083,4.532369999999999,sp
4753988,7.304425999999999,sp?
4757331,2.3620885,sp
4758092,0.289166,ev
4758368,3.7499354,ev
4760746,15.0680733,fl
4761060,3.3613913,ot
4762887,0.7365736999999999,ev
4769799,21.9293139,ev
4773155,25.7060003,sp?
4815612,3.8568,sp
4824268,152.1514239,fl
4826439,2.4742946,ev
4832197,1.8954654999999998,sp
4839180,8.8526867,sp
4840263,1.9156478,sp
4840327,26.7371326,sp?
4840818,10.0495365,sp
4843222,0.3874053,ev
4843592,0.4835365,fl
4847343,11.416917,ot
4847369,12.350014100000001,ot
4847832,30.960236600000005,fl
4847843,30.9597261,sp
4848423,3.0036527000000004,ev
4850874,1.7759009999999997,ev
4851217,2.47028,ev
4851464,5.5482571,sp?
4852055,2.414857,ev?
4853067,1.3409216,ev
4857282,0.2507526,ev?
4859432,0.38548000000000004,ev
4860932,12.365356,fl
4862625,20.0002491,sp
4902030,1.7576060000000002,sp
4904304,0.389474,ev
4908495,3.1203152999999997,sp
4909422,0.3951035,ev
4909707,2.3023637000000003,ev
4912589,68.3766074,sp
4912991,8.885034800000001,sp
4921906,0.21373240000000002,ev
4928119,44.6390151,fl
4929299,0.8687195,sp
4931073,26.9512358,sp?
4932348,38.0367727,fl
4932691,18.1120792,sp?
4935914,3.4863333,sp
4936180,4.6409218,ot
4936334,0.3543686,ev
4936680,0.6662267,ev
4936990,10.3145092,sp?
4937143,9.848875999999999,sp?
4937217,0.42934170000000005,ev
4940201,8.816628300000001,sp
4940438,9.085907,ot
4941060,0.30342240000000004,ev
4945035,1.174683,fl
4945588,1.1290799999999999,ev
4945857,0.33541479999999996,ev
4946584,0.45397170000000003,ot
4946680,8.665260400000001,fl
4947528,0.4969885,ev
4947726,4.7260862,sp
4948863,8.643590300000001,sp?
4949187,11.977391699999998,ot
4949194,41.2632016,ot
4949770,1.5640913,ev
4950505,0.2948091,ev
4950557,24.714791199999997,fl
4954113,0.668027,ev
4990977,2.649025,sp
4991959,0.3609387,ev
4999260,0.37836820000000004,ev
4999357,0.9901293999999999,ev
5000179,3.6329355000000003,ev
5003117,37.60909829999999,fl
5005570,0.42284390000000005,ev
5005618,340.96721099999996,fl
5006817,94.8119689,ot
5008287,0.2918775,ev
5014753,3.1706263999999997,sp
5015913,2.3599371,fl
5015926,0.36268740000000005,ev
5016163,5.2456595,sp
5017058,2.3238947999999997,ev
5017127,20.0064041,ot
5018787,0.6071918000000001,sp?
5020034,2.1191112000000003,ev
5021174,4.045054,sp
5021732,15.039506900000001,fl
5022440,3.6939502999999996,sp
5022573,0.44172449999999996,ev
5022908,0.6372483,ev
5023948,3.6492928,sp
5024292,4.3010324,sp
5024447,771.83,fl
5024450,3.0518511000000004,sp?
5025261,2.1714108,ev
5025294,5.4626904000000005,sp
5033682,0.3799156,ev
5034333,6.93228,ot
5035972,49.266827299999996,fl
5036538,2.1220164,sp
5036966,62.735,fl
5039392,236.72794059999998,ot
5039441,2.1513832,sp
5041569,2.5354363999999996,fl
5041843,0.4572343,ev
5041975,2.9599290000000003,ev
5077629,7.919369500000001,sp
5077994,0.6962874,ev
5078879,1.0393706,fl
5080652,4.1443566,sp
5088735,0.5075008,sp?
5090690,24.0233248,ot
5090937,8.8006929,ot
5091614,21.1424579,sp
5095269,18.6119616,fl
5097446,1.2880641000000002,ev
5098444,26.9489863,sp?
5103998,174.77016559999998,sp
5104097,0.2753953,ev?
5107226,310.9164267,fl
5110423,5.370434099999999,fl
5112567,1.6158919,sp?
5113053,3.1850998,sp
5115178,12.8517242,fl
5122112,3.05517,sp
5123176,0.7078436,ev
5127005,1.6211241000000003,ev
5128972,0.5053236,ev
5129777,26.158530300000002,ot
5130380,19.983,fl
5130740,210.302519,sp
5166136,0.23394770000000004,ev
5174346,0.35059229999999997,ev
5174677,43.542844,fl
5175668,21.8821152,ot
5179609,43.930966399999996,fl
5181455,5.5796309,sp
5181804,4.3505,sp
5193386,21.378293600000003,sp
5195137,0.324117,ev
5196301,1.9104098000000003,sp?
5197256,6.9633883,ev
5198934,0.8347392,ev
5199426,78.60436240000001,fl
5199489,0.46481590000000006,ev
5201619,0.5072760000000001,ev
5211385,1.6606874,ev
5211470,4.808595400000001,ot
5213466,2.8193115,sp?
5215700,1.3124021000000001,ev?
5215999,2.5311576000000002,ev
5216727,1.5130232,sp
5217586,26.0688098,fl
5217733,161.252379,fl
5217781,564.4073852000001,sp?
5218014,10.845292599999999,sp?
5218385,0.2815375,ev
5218441,3.6137546,ev
5255552,32.4486352,sp?
5259926,0.43780979999999997,ev
5263802,6.7005059000000005,ev?
5264304,120.58,fl
5264818,1.9050502,ev
5266937,5.917086299999999,ev
5269407,0.9588711,sp
5282049,5.910377099999999,sp
5282464,0.4963991,ev
5283266,0.3146487,ev
5283839,0.3152311,ev
5284133,8.7845759,sp
5284262,17.9633117,ot
5285607,3.8994011,ev
5286221,15.2959828,ot
5286786,9.9487462,fl
5287983,2.5071049,fl
5288543,3.4570754999999997,sp
5290305,0.6205088000000001,ev
5294739,3.7359952000000005,ev
5296276,1.8920026,ev
5296877,0.3772645,ev
5297298,34.193606,fl
5300878,1.2794431999999998,sp?
5302006,0.15117120000000003,ev
5306720,27.364523499999997,fl
5306862,2.0256383000000002,sp?
5307780,0.3088511,ev
5308778,40.5654998,sp
5309353,1.37638,fl
5310387,0.4416691,ev
5310435,4.9313644,ev
5343976,4.3313919,sp
5347537,345.18422169999997,sp?
5347784,9.584058800000001,sp
5353374,0.3933205,ev
5353653,0.3685569,ev
5356593,45.9778676,sp
5357682,0.7177063,ev
5357882,0.3874025,ev
5358200,0.5359480999999999,ev
5359678,6.2306099999999995,sp
5369419,0.4376804,ev
5369827,3.606928,sp
5370302,3.9043269,sp
5371109,1.1918616000000002,ev
5372966,9.2863571,sp
5374883,0.4197169,ev
5374999,0.4578798,ev
5376552,0.5038186,ev
5376836,3.4794252,sp
5377349,1.1167657,ev?
5384713,60.3268036,sp
5384802,6.0830927,sp
5385723,12.4449256,ot
5386810,0.8888906999999999,sp?
5389616,0.40688379999999996,ev
5390351,0.5474536,ev
5392897,42.3992987,fl
5393558,10.217103300000002,sp
5394544,0.43197440000000004,ev?
5396122,15.444304,fl
5398002,14.153174900000002,ot
5425950,0.3781682,ev
5428668,1.406701,fl
5435816,181.8519094,fl
5439790,0.7960862,ev
5440746,0.48265379999999997,ev
5444392,1.5195284,ev?
5450322,0.4240191,ev
5450814,6.4875324999999995,sp
5456023,131.978307,fl
5458880,3.5116888999999993,ev?
5459373,0.2866088,ev
5460835,21.5392736,sp?
5461570,0.5076606,ev
5462901,5.2707264,sp
5468295,0.3520118,ev
5471619,0.9628353999999999,ev
5473556,11.2588244,sp
5474733,0.8837752000000001,fl
5475624,1.0698433999999999,ev
5475712,2.9918851,ev
5477805,5.0067095,sp
5478466,0.48250129999999997,ev
5479973,1.7952732,ev
5481426,4.768102799999999,sp?
5511076,6.5131991,ot
5513861,1.5102117,ev
5524325,0.6249786999999999,ev
5527172,3.1839666,sp
5529643,0.7597663,fl
5530881,5.0825222000000005,sp
5534702,1.0254659,ev
5534814,9.7187752,sp
5534965,243.8212435,fl
5535061,0.46343019999999996,ev
5535280,74.9853012,fl
5543482,0.2948275,ev
5546761,17.6706523,fl
5553624,25.7620711,sp
5553652,24.3282319,fl
5557368,0.2979309,ev
5560831,0.867721,ev
5563300,71.054766,fl
5563814,0.3082342,ev
5565486,2.8250472999999996,sp?
5567438,0.5845398,ev
5596440,10.474856800000001,ot
5597970,6.717384299999999,sp
5598639,1.2975514,ev
5606644,0.8619311,ev
5608566,4.396997,sp
5610698,4.1325281,ev
5611561,0.2586947,ev
5611763,0.361605,ev
5615528,0.3391748,ev
5615815,0.6742496,ev
5617953,0.298696,ev
5620981,0.3335163,ev
5621294,0.9389049,ev
5622250,16.2942135,ot
5623774,1.1336298999999999,fl
5623923,1.2087496000000002,ev
5629353,33.325,sp
5630212,47.5847646,sp
5632781,11.025202199999999,ot
5636642,0.9335,fl
5640750,987.3,fl
5642620,0.986791,sp
5643492,41.8654718,sp
5647008,0.7998616999999999,sp
5648449,4.3488637,sp
5649206,4.893473999999999,sp
5649325,391.1,fl
5649956,2.41574,sp
5652260,8.929260000000001,sp?
5652983,498.374739,fl
5653126,38.496882299999996,sp?
5685072,0.2559051,ev
5696909,0.6430031,ot
5699617,0.28891659999999997,ev
5700330,53.220414100000006,sp
5702939,18.398200699999997,fl
5703230,0.7314739,ev
5707897,8.4160911,ot
5716244,1.3303328,ev
5716763,0.6406607,fl
5728139,10.668165,sp?
5728283,6.198279299999999,fl
5730394,5.5191777,sp
5731312,7.946382400000001,fl
5733154,62.5199034,ot
5733384,1.5467094,ev
5735878,16.8320824,fl
5736461,7.3461642000000005,sp
5736537,1.7615294999999997,ev
5737474,0.3979422,ev
5738506,9.5014787,fl
5738698,4.8087739,ev
5768927,4.390511599999999,sp
5770431,0.39243649999999997,ev
5770860,0.7375618,ev
5771589,10.7391422,sp
5771719,12.264877,sp
5771961,26.0664367,ot
5773205,0.2668707,ev?
5774375,1.5499774,ev
5779852,504.15592010000006,fl
5781192,9.4599934,sp
5783368,1.8638734000000001,ev
5783676,0.4014453,ev
5785551,0.2666875,ev
5785586,0.4596214,ev?
5786154,197.9207814,fl
5786545,0.28057509999999997,ev
5790807,79.9962462,ot
5790912,0.3833172,ev
5791886,0.3251705,ev
5792093,0.6005881,ev
5795648,4.5533695,sp
5796185,42.5592351,sp
5796675,16.0806761,sp
5801571,1.6771942,ot
5802285,2.4170498,sp
5802470,3.7918726,sp
5802486,2.1478398,fl
5802834,1.0924428999999998,ev
5807579,17.844325100000002,sp
5809827,1.22211,ev
5809868,0.4393902,ev
5816806,4.4554359,fl
5817566,8.412198199999999,sp?
5818706,14.9599406,ot
5820209,0.6560869,ev
5821050,1.9333686,ev
5823121,2.2980007000000002,ev
5858519,4.1825,sp
5866099,36.976706,sp?
5866104,36.976,fl
5866138,342.3,fl
5871918,12.6432974,sp
5872150,20.355103399999997,fl
5872506,2.1260885,ev
5872696,0.1726132,ev
5876360,1.0508445,sp?
5876805,18.1730361,fl
5877364,89.6485376,ot
5878081,0.5911339,ev
5878836,0.3548794,ev
5880320,12.109639300000001,sp?
5881838,0.3003313,ev
5887316,0.6030807,ev
5891963,0.28196,ot
5897826,33.8042028,sp?
5903301,2.3203301,ev
5942093,14.3873075,sp?
5944240,2.5532223999999997,ot
5951553,0.4319709,ev
5952403,0.9056778,ot
5955321,11.6378818,sp
5955731,1.0038296,ev
5956588,0.2729067,ev
5956776,0.5691149999999999,ev
5957123,2.8229754000000002,ev
5960283,0.2496681,ev
5960989,50.721533799999996,ot
5961327,0.299202,ev
5961350,5.2626684,ot
5962514,1.580099,ev
5962716,1.8046081000000003,ev?
5965819,8.240055400000001,fl
5966237,0.39758259999999995,ev
5975712,1.1360932,ev
5977736,1.5791302,ev
5978521,0.6081506999999999,ev
5979863,16.621854199999998,sp
5980800,0.4141629,ev?
5982353,19.563095,sp
5983348,25.150784299999998,fl
5983351,0.3211848,ev
5983532,147.28844850000002,sp
5984000,0.3230583,ev
5986209,23.7379705,sp
5988465,7.056526400000001,ev
5990753,7.2165917,fl
5991936,0.8074357,ot
5992270,58.43067979999999,sp
6023859,27.0098782,sp
6024572,0.41490959999999993,ev
6025124,26.8377244,sp
6025466,1.1278008,sp
6026204,2.2798149,ev
6028860,0.8440331,fl
6029130,12.591632,sp
6029214,0.8190664000000001,sp?
6034812,0.3673068,ev
6041734,24.3400239,sp
6042031,0.5371037,fl
6042116,5.4071576,ev
6042191,43.3909231,ot
6042214,27.0462338,fl
6042663,30.9717687,fl
6044064,5.0632068,sp
6044543,0.532086,ev
6045264,0.9093104,ev
6046061,0.2972557,ev?
6047498,1.0374450000000002,fl
6048024,62.816,sp
6048106,1.5593608,ev
6050116,0.2399081,ev
6056992,10.431153,sp
6057829,0.4834268,ev
6058614,1.7310801,sp
6058875,1.1298682,sp
6060580,2.3133689,sp
6061139,0.3224413,ev
6063448,76.0176958,ot
6066379,1.3038602,ev
6067735,0.44618149999999995,ev
6072195,2.8001229,ev
6072578,0.26967179999999996,ev
6103049,0.6431711999999999,sp
6105491,13.2996383,ot
6106771,0.2638263,ev
6109688,14.0867881,ot
6117415,19.741625199999998,ot
6118779,0.3642464,ev
6124941,5.6701440000000005,fl
6128027,5.4557662,sp
6128141,1.8726245,sp
6128248,0.2917436,ev
6131659,17.5278303,sp?
6137704,178.2679718,fl
6137885,12.7900994,ot
6141791,13.659034699999998,ot
6143826,1.35476,ev
6144827,0.23464970000000002,ev
6145939,17.7454139,sp
6146838,27.467201399999997,sp?
6147122,15.4514983,sp?
6147573,25.8368331,fl
6148271,1.7852901,fl
6153219,0.5303,ev
6153672,3.3644248,sp
6182019,3.6649654000000003,sp
6182849,6.399107,sp
6185717,11.7022037,sp
6187341,0.984599,sp?
6187893,0.7891676,ev
6191574,1.0345298,sp
6191945,6.807377000000001,sp
6197038,9.7517082,sp
6197319,1.6638043999999999,ev
6200709,3.7235300000000002,sp
6205460,3.722832,ev
6206751,1.2453334999999999,ev
6209347,2.1365771000000002,sp
6209824,1.2629743,ev
6213131,0.5614165,ev
6220470,8.144136,ev
6220497,1.3231671,ev
6223646,0.3649341,ev
6224853,0.5360475,ev
6227560,4.8035123,sp
6228703,8.4004137,ev
6231401,6.0919555999999995,sp
6233466,15.873306900000001,fl
6233903,5.9908477,sp
6262882,0.9965008,ev
6264091,0.3250179,ev
6265720,0.31242770000000003,ev
6267702,0.28319629999999996,ev
6268648,503.25,fl
6268722,2.638433,sp
6279974,0.8052593000000001,sp?
6281103,0.3632807,ev
6283224,0.7664732,sp
6286155,14.5418297,fl
6286161,14.541785199999998,sp
6286402,0.3433205,ev
6287172,0.20387320000000003,ev
6290382,6.128161,pu
6290740,15.1518271,ot
6292398,9.2398747,pu
6292925,13.6123475,ot
6301030,11.9911576,sp?
6302051,0.6658734000000001,ev
6302592,1.5780237,ev
6305192,8.0251572,sp
6307062,75.3790073,sp
6307083,376.9401671,sp
6307537,29.744524100000003,sp?
6311637,1.6208133999999998,sp
6311681,0.8447863999999999,fl
6312521,3.0155492,sp
6314173,1.433263,ev
6344429,0.40845909999999996,ev
6350020,0.2417928,ev
6353203,0.5085044,ev
6359771,0.4060683,ev
6359798,14.1540383,sp
6362386,4.5924016,ev?
6363494,1.8156333999999998,ev
6365321,0.8484849,sp?
6367628,3.7796922,ev
6368316,0.3385051,ev
6370120,1.3547770000000001,sp
6370361,0.45491040000000005,ev
6370558,60.3165845,ot
6370665,0.9323155999999999,ev
6372268,5.220046599999999,sp
6387193,553.99,fl
6387450,3.6613260999999997,sp
6387887,0.21690029999999996,ev
6388770,21.3419702,fl
6390205,0.4494018,ev
6421188,16.434354199999998,sp?
6421483,2.1584021,sp
6422170,624.312,sp
6424124,0.38552800000000004,ev
6426592,394.6846653,fl
6431545,0.31683390000000006,ev
6431670,29.911485,fl
6432059,0.7697398,sp?
6436029,505.466934,sp
6436038,0.3763072,ev
6443392,0.7769761,sp
6443538,6.2614461,sp
6446219,0.4448055,ev
6447430,1.160002,ev
6448768,16.4867982,ot
6449358,5.7767904,ev?
6449552,20.1488111,sp
6452742,1.3755444,sp
6462057,0.478716,ev
6464285,0.8436513000000001,sp
6466939,2.2858937999999998,sp
6467389,0.288976,ev
6468938,7.2170122,sp
6469946,0.7158021,sp?
6470516,2.0804308999999996,ev
6471048,0.29722800000000005,ev
6504095,0.30677550000000003,ev
6504534,28.162599800000002,sp
6504954,130.35459450000002,fl
6507541,0.3272123,ev
6516874,0.9163269,sp
6521542,4.4257541,sp
6522750,17.4456414,sp?
6523216,14.313155900000002,sp?
6525196,3.4206042,sp
6525209,75.1317103,fl
6526545,2.1014179,sp?
6527229,200.8000705,fl
6531485,0.6769904,ev?
6531496,14.323913899999999,ot
6543674,2.3910305,ev
6545018,3.9914602999999995,ev?
6546508,6.1070571,fl
6548447,10.7683785,sp
6549491,0.7646535,ev
6579806,9.8804825,sp
6591789,5.0884095,sp
6593363,18.527824300000002,sp
6593575,0.34574390000000005,ev
6594972,10.8191714,sp
6595662,2.6805144,sp
6599919,13.6101053,sp
6603043,110.32428610000001,fl
6603756,5.2042833,sp
6606282,2.1070998,sp
6606653,2.6980237999999996,ev
6606934,37.8069389,sp
6607610,63.518026,fl
6610219,11.3009948,fl
6611330,35.146690299999996,fl
6613627,0.1507996,ot
6614926,3.0267647999999996,sp
6615041,0.3400853,ev
6620003,3.4285506000000003,sp
6628237,3.8401292000000002,sp
6629332,4.310556500000001,sp
6629588,2.2644714,ev
6631721,13.7382835,fl
6633929,0.3589077,ev
6634112,9.942229,sp
6665064,0.6983698,fl
6665223,119.412025,fl
6669809,0.7337378000000001,ev
6670812,1.7418136000000002,ev
6671698,0.47152479999999997,ev
6672229,23.832373899999997,fl
6675060,10.443327900000002,sp
6677225,0.5250272,ev
6678383,103.51235729999999,fl
6689368,1.2701142,ev
6690171,85.0624146,fl
6692340,0.6748494,ev
6693555,10.8749883,ot
6694186,5.5542237000000005,sp
6695510,2.1729668999999996,ev
6695889,1.1065608,sp
6697716,1.443249,sp
6698670,10.815890199999998,sp
6699562,46.2705311,fl
6699679,0.2012033,ev
6706287,2.5353877000000002,sp
6707942,9.0142,sp
6756202,290.78596949999996,sp
6756669,5.8515322,sp?
6757558,421.16,fl
6758917,2.2361019,sp
6762188,7.155502,sp?
6762829,18.7952663,sp?
6766325,0.4399657,ev
6766748,7.0028651,sp
6775034,10.028547300000001,ot
6778050,0.9458280000000001,sp
6778289,30.13015,fl
6781535,9.1220856,sp
6784887,44.7144484,fl
6791604,0.5288055,ev
6794131,1.6133285,ev
6803335,1.1108525,ev
6805146,13.779702100000002,sp
6805779,0.8019212,ev
6806632,9.4691573,ot
6836140,0.487721,ev
6841577,15.537534599999999,sp?
6842345,17.3816119,fl
6843507,0.3431821,ev
6844489,1.0797603,ev
6847018,16.6621665,sp
6849046,4.225385,fl
6850665,214.71605630000002,fl
6852488,2.1720406000000003,ev
6853229,0.4261115,ev
6859813,10.882422300000002,sp
6862603,2.8611663,sp?
6863161,1.9866388,ev
6863229,1.9949205,ev
6863840,3.8527339,sp
6864859,40.8778427,fl
6865626,0.7267678000000001,ev
6866228,7.7023697,sp
6867766,12.9647248,sp
6877673,36.758887200000004,fl
6880727,0.41273649999999995,ev
6881709,6.7411163,ot
6889235,5.18867,ev
6891512,3.5051258,sp
6927629,7.735228299999999,sp
6929869,0.283692,ev
6933781,130.4195627,fl
6934587,1.5709187,sp
6936977,36.4731222,sp
6939670,4.238855200000001,sp
6947164,70.58285079999999,fl
6947666,56.69026410000001,fl
6948480,175.329305,sp?
6948815,1.5415306,ev
6949550,7.8410674,sp
6956014,1.8511821,sp
6956216,4.81883,ev
6960446,10.149,sp?
6960487,34.5259877,fl
6960913,59.88,sp
6962018,1.2698936,sp
6963171,23.3082187,ot
6964043,5.3625822,fl
6964796,0.3999658,ev
6965293,5.0778199,sp
6966265,0.31343530000000003,ev
7009828,10.6424535,sp
7013934,0.6413681,ev
7019489,24.259843,sp?
7021177,18.645328399999997,sp
7023917,0.772842,ev
7023960,30.882537,fl
7024530,66.153,sp
7025540,2.1482069,sp
7025851,4.681,sp
7033748,4.3927102,ev
7035139,0.30974120000000005,ev
7037319,0.5781095,ev
7037405,207.1505238,fl
7037540,14.4059109,fl
7038831,0.6272909000000001,sp?
7039026,9.9439292,ot
7041856,4.0006688,ot
7047299,35.8822441,sp
7049486,26.718425,sp
7050060,22.044,ot
7051984,0.6781334,sp
7060333,2.5272477,ev
7091476,0.8077356,ev
7097571,2.2139641,ev
7105574,20.7260663,sp
7107567,0.8125981,sp?
7108433,1.519188,ev
7115291,52.802775600000004,fl
7117003,428.3,fl
7117153,0.35952890000000004,ev
7117541,1.5856743,sp?
7118545,14.7972189,sp?
7118621,0.37055279999999996,ev
7118656,0.3213551,ev
7119757,0.7429222,ev
7119876,0.3663645,ev
7121885,33.9375425,sp?
7122259,20.882168,fl
7125636,6.4906615,sp
7128918,7.1187987999999995,sp
7129465,5.491822099999999,sp
7130044,0.297665,ev
7132542,66.3609874,fl
7133286,38.5106807,sp
7136958,29.015853200000002,fl
7137798,2.2535374,ev
7173910,0.4022438,ev
7174349,2.9741400000000002,sp
7174617,1.6083773000000001,sp
7176440,0.3582708,ev
7177553,17.9964667,sp
7177892,1.3862493999999999,ev
7186665,8.559396000000001,fl
7198474,0.24230460000000004,ev
7199183,0.324092,ev
7199353,0.28198670000000003,ev
7199774,4.7081278,sp
7200102,14.6657571,sp
7203179,2.2457388,ev
7204041,0.3316792,ev
7212066,3.8404858,sp
7212722,2.3161718,sp
7217866,0.4071573,ev
7219906,35.08981,fl
7220320,0.7521576,sp?
7255336,2.4064022,sp
7257373,10.4669018,sp
7258889,0.9039046000000001,ev
7259722,9.6332256,ot
7259917,0.38467890000000005,ev
7269493,1.9078056,sp
7269797,0.28179240000000005,ev
7269843,0.2682156,ev
7270230,6.998090400000001,sp
7272739,0.2811646,ev
7273033,0.30503309999999995,ev
7280704,0.32435040000000004,ev
7282128,0.3470502,ev
7284688,0.6460431999999999,sp?
7287391,4.2860997,sp
7293054,671.8,fl
7295570,3.60377,sp
7296094,0.8907493000000001,fl
7304911,0.6255508000000001,ev
7335517,0.2745039,ev
7336754,12.1552451,sp
7339123,0.3471032,ev
7339345,0.2596643,ev
7348206,0.4012047,ev
7350038,13.8299417,ot
7353970,198.44349580000002,fl
7357531,502.1244553,fl
7362696,4.931300299999999,fl
7362751,0.33824899999999997,ev
7362852,7.036713900000001,sp
7365447,2.5253879,sp?
7366145,0.8643608,ev
7367833,0.2861988,ev
7368103,2.1825147,ev
7368451,0.3733774,ev
7369523,5.318836900000001,sp
7373255,13.661106099999998,ot
7373555,0.5366747,ev
7374746,2.7338924,sp
7375348,25.3091256,sp?
7375612,0.16007290000000002,ev
7375795,19.3007961,fl
7376500,5.877128,sp
7376983,5.6449249,sp
7377033,3.9136205000000004,sp
7377343,15.9089508,sp?
7377422,107.6228469,sp
7378178,0.6242687,ev
7382250,1.4187322,ev
7383021,0.4660608,ot
7385478,1.6554776999999998,ev?
7387296,2.5795445,ev
7422883,11.4145336,pu?
7431665,281.4,fl
7431703,0.5725258000000001,ev
7432479,0.4084587,ev
7433513,0.7011189999999999,ev
7436177,19.9335233,fl
7440742,0.28399220000000003,ev
7449844,1.1522181999999999,sp
7455553,6.5164972,sp
7456521,276.4300087,fl
7457163,0.7746042,ev
7458285,0.6606276,ev
7466863,11.9711385,fl
7501230,0.8927503000000001,ev
7506164,0.5580129,ev
7506446,0.3525999,ev
7511416,5.5908551,sp?
7512381,0.42392479999999994,ev
7515679,5.5904352,sp
7516345,0.4918701,ev
7518816,0.46658,ev
7523733,3.1211588,ev
7529123,0.3500776,ev
7532973,2.1446322999999996,sp
7533807,0.31684509999999994,ev
7541502,44.8273231,sp?
7542091,0.3904993,ev
7546429,0.3521208,ev
7546791,0.24236149999999998,ev
7549265,1.9624314999999999,ev
7552344,2.0014811999999997,ot
7584739,0.9115578000000001,ev
7584826,0.622309,ev
7590728,0.4767224,ev
7591456,5.8357507,ot
7593110,3.5493836,sp
7597095,0.3012058,ev
7597703,9.217803300000002,sp
7598128,44.2581726,sp
7599004,4.8228925,fl
7601633,15.6638729,sp
7601767,0.4867339,ev
7605600,3.3261926,sp
7610340,1.5176953000000002,ev
7610486,0.45767929999999996,ev
7620664,0.6837179,ev
7620844,58.6215704,sp?
7622059,10.403261599999999,ot
7624297,18.019652,sp?
7627059,0.3236502,ev
7630658,2.1511347,ev?
7630690,0.8865632999999999,ev
7657914,0.47454620000000003,ev
7660607,2.7634013,ev
7668648,27.8185899,fl
7670485,8.467706399999999,sp
7670617,24.7038442,sp?
7671594,1.4103475,sp?
7672068,16.8361771,ot
7672940,1064.27,sp?
7674050,472.222,fl
7676610,1.2256753999999999,ev
7677005,38.058139000000004,sp?
7678434,10.3716917,sp
7680593,0.2763915,ev
7681230,0.962591,fl
7684873,2.9473627000000002,sp
7685689,0.32515959999999994,ev
7686918,2.5188342,ev
7690843,0.7862604999999999,ev
7691527,4.8002308,sp
7691553,0.3483078,ev
7695093,4.032768,sp
7696778,0.3312357,ev
7697065,0.2727656,ev
7698650,0.5991550999999999,ev
7700181,0.36369850000000004,ev
7700578,1.507106,ev
7707742,0.7583544,ev
7708193,7.94245,sp
7709086,0.40947459999999997,ev
7732791,2.0641347,sp
7733540,0.7725820999999999,sp
7733731,4.858095,sp?
7740302,1.1535089,ev
7740566,0.2970627,ev
7743464,55.249014,fl
7744173,0.39852790000000005,ev
7748113,1.7346626,ev
7749504,0.5662444000000001,pu
7750740,5.874197799999999,sp
7751562,17.0421586,sp?
7763269,6.4079292,sp
7765894,3.204542,ev
7766185,0.8354573000000001,ev
7767559,4.409408999999999,sp
7767733,25.198301999999998,sp?
7767774,0.17338829999999997,ev?
7768447,122.5,fl
7769072,0.6088629,fl
7770471,1.1578046,ev
7770569,903.59,fl
7773380,0.30757779999999996,ev
7777443,0.8851249,ev
7778437,5.0142324,sp?
7798259,1.7342218999999996,sp
7799540,60.0,ot
7802136,10.9802457,sp
7811211,0.9024056,sp
7812175,17.7939247,fl
7812455,0.9035823000000001,fl
7813039,141.7337805,sp
7816201,0.5749569999999999,ev
7816680,8.5851984,sp
7818448,0.6189517,ev
7821010,24.2382426,sp?
7821450,0.31476190000000004,ev
7830321,2.0273963,sp
7830460,3.3977502,ev
7830637,121.59918049999999,fl
7831363,2.8172580000000003,sp
7833144,2.2477336,ev
7835348,0.6640618,ev
7836330,0.6583898,sp
7837302,23.837136100000002,sp
7837526,28.2972104,sp
7838639,4.2263950999999995,sp
7838906,5.6149488,sp
7839027,0.7206929,ev
7840035,13.5421,sp
7842610,1.9438654,sp
7846730,11.0282266,sp
7847927,70.37626750000001,sp?
7866921,91.499889,fl
7871200,0.2429038,ev
7877062,0.30365149999999996,ev
7877824,9.449425699999999,sp
7878402,0.3743508,ev
7879399,0.39269699999999996,ev
7881722,0.9532893,ev
7884426,0.2967316,ev
7884842,1.3145476999999999,ev
7885570,1.7293366000000001,sp
7886329,0.5674939,sp?
7887124,32.4864272,ot
7889628,0.3423961,ev
7890379,0.34512719999999997,ev
7897952,66.99163929999999,ot
7898576,8.6468983,sp?
7905209,0.4195543,ev
7906882,52.513565,sp?
7907688,4.3448367999999995,ot
7914906,8.752907400000002,ot
7918172,191.80664009999998,fl
7918217,63.929798600000005,sp
7919653,4.2104773,sp
7936219,0.38559829999999995,ev
7938468,7.2269508,ev
7938870,0.5807260999999999,ev
7940533,3.9055972000000003,sp
7941050,0.29798109999999994,ev
7941635,0.7627242,sp?
7943535,4.719339,sp
7943602,14.6920163,sp
7947631,2.5165557,sp
7950775,8.966611300000002,sp
7950962,0.8269565999999999,ev
7950964,0.8269565999999999,ev
7953796,0.3175482,ev
7955301,15.3244193,fl
7959612,0.24321379999999998,ev
7960547,6.7673409,sp
7967100,1.9272951,sp
7968880,1.7739189999999998,ev
7970629,2.0510691000000003,ev
7970760,7.649413000000001,sp
7971389,26.3496135,sp
7972785,7.3007334,sp?
7973882,0.3466342,ev
7973970,9.479933,ot
7975727,22.418315,fl
7975824,0.40375029999999995,ev
7976783,1.2088516000000002,ev
7977261,0.9258122,ev
7985167,1.384478,sp
7987749,17.030854,sp
8004839,0.3437639,ev
8005892,958.0,sp
8008128,14.8544154,sp
8009500,38.4766387,sp?
8013439,8.2562148,sp?
8016211,3.1748862,fl
8016214,3.1749714,sp
8019043,1.9855863999999999,sp
8022489,197.511121,fl
8023317,16.579002300000003,sp
8027591,24.274432100000002,sp
8028158,0.2710391,ev
8029708,0.3135574,ev
8039225,1.7941273000000002,ev
8043714,6.814989,sp
8043961,1.5592121,ev
8044608,106.1759375,fl
8045121,0.26317740000000006,ev
8052474,245.44,fl
8053107,0.3888709,ev
8054233,1058.0,fl
8059303,0.3734259,ev
8074045,0.5363932,ev
8074805,170.874379,fl
8075618,17.561207100000004,sp
8081389,1.4894405000000002,ev
8081482,2.8194565,sp
8087799,0.9262976,ev
8088354,2.8978298,sp
8094140,0.7064291,sp
8095099,4.2064786,sp
8095275,23.0073495,ot
8097553,0.39123579999999997,ev
8097825,2.9368522999999995,sp
8097902,0.3315636,ev
8098300,4.3059177,sp
8098728,24.485,sp?
8099615,1.9007171999999999,ev
8104030,46.839940000000006,fl
8106973,439.10837779999997,fl
8108437,351.29,fl
8108785,0.22882689999999997,ev
8111381,2.2337949,sp?
8111387,1.2735971000000001,ev
8111622,15.4460592,sp
8112013,1.7905182000000002,ev
8112039,41.808235100000005,ot
8112324,0.5759253000000001,sp
8113154,2.5868778999999997,pu?
8122124,0.2492776,ev
8123430,11.169989999999999,ot
8127648,2.0469445,sp
8128067,12.429647000000001,sp
8128965,7.140377900000001,sp
8129189,53.64708149999999,fl
8143170,28.785943,sp?
8143757,0.35652280000000003,ev
8144355,80.51410390000001,ot
8145477,0.5657843000000001,ev
8145789,1.6706294999999998,sp
8151107,18.0013083,ot
8153568,3.6071431000000005,pu
8155368,0.7186437,ev?
8155584,26.017915,sp
8164262,87.45716999999999,ev
8166095,0.799127,ev
8167978,22.0527157,fl
8176653,2.8666777000000003,sp
8177798,2.9004122000000003,ev
8177958,1.2352564,ev
8179747,17.9462768,sp
8180020,5.8031255999999996,sp
8182360,0.6951457,ev
8183389,32.440340500000005,sp
8183540,0.6842068,ev
8183850,0.3983589,ev
8189196,2.304138,ev
8190491,0.7778768,ev
8190613,0.3325852,ev
8192840,0.4335491,ev
8193315,2.6238741,sp
8195877,1.5102001,sp
8196180,3.6716611000000006,sp
8197368,9.0878567,ot
8197406,2.5130061,sp
8197761,19.73845,pu
8210370,153.7,fl
8210721,22.6728162,sp?
8211605,20.979525,fl
8211618,0.33744359999999995,ev
8211824,0.8411261999999999,sp
8218274,1.1873525,ev
8219268,6.2467298,fl
8222813,8.704212199999999,fl
8222945,0.4511233,ev
8223328,35.5162792,sp
8223655,280.1577805,sp?
8229048,5.4789525,sp
8230809,4.0783467,sp
8230815,0.34521890000000005,ev
8231231,0.7116099,ev
8231877,2.6155284,sp
8234477,4.0286719,ev
8240109,2.3011884,ev
8240861,0.8984996999999999,ev
8241079,10.919117300000002,sp
8241252,0.3540438,ev
8242350,6.993555499999999,ot
8242493,0.28328559999999997,ev
8242681,4.0206290000000005,sp
8243263,3.5185527000000003,ev
8244173,2.1841322999999995,sp
8245326,0.33076740000000004,ev
8246781,185.023,fl
8248812,0.685366,ev
8257407,89.69815770000001,ot
8257903,0.515065,ev
8262223,1.6130147,ev
8263746,10.993836199999999,sp
8263752,10.9938022,fl
8263940,0.5154949000000001,ev
8264097,2.89747,sp
8264510,5.686759400000001,ot
8264534,1.415798,ev
8265951,0.7799575,ev
8279765,2.7577936000000003,sp
8280135,0.286885,ev
8285254,7.5358960999999995,sp
8285349,0.6671103,ev
8285970,0.5624879,ot
8288404,519.798906,sp?
8288719,1.5100966999999998,sp
8288741,0.21976639999999997,ot
8294484,1.0127395000000001,sp
8296467,10.303355499999999,sp
8298344,0.30287509999999995,ev
8299947,5.3656,sp
8301013,4.4280594,sp
8302455,4.8839763,sp
8308347,164.9498633,fl
8309175,0.2995914,ev
8311255,0.5791159,ev
8312222,12.823275599999999,sp
8314801,37.1832779,fl
8314879,0.8777596,ev
8316503,5.0653296999999995,sp
8322564,22.2588457,ot
8323764,6.714245,sp
8328376,4.345967099999999,ot
8330092,0.3217236,ev
8330575,1.9141583999999998,ev
8332986,302.39,fl
8345358,9.3806332,sp
8356054,17.0812314,sp
8358008,10.0646892,fl
8360184,0.484545,ev
8364119,7.735910400000001,sp
8364969,22.5719568,sp
8365739,2.3892922000000003,sp
8367007,0.251616,ev
8374499,5.2519183,sp
8374580,176.2427863,fl
8378656,3.6294400999999996,ev
8378922,43.2633058,sp?
8379547,6.0420394,sp
8380743,2.0377195,ev
8381592,5.7841801,sp
8382182,1.2587141000000002,ev
8386048,0.8174223,ev
8386198,2.5811087,ev
8386865,1.2580412,ev
8386982,72.2595896,ot
8394040,0.30212649999999996,ev
8397460,1.4189566,ev
8397675,0.5532589,fl
8409588,1.360837,sp
8410637,408.32,fl
8411947,1.7976748,sp
8414159,11.9311328,sp
8414914,100.3025,fl
8415863,27.533799300000002,sp?
8428136,0.4681444,ev
8429415,1.3525753999999999,fl
8429450,2.7051426,sp?
8429817,6.2634947,sp
8430105,63.327105599999996,sp?
8430210,1.9754592,ev
8431389,0.3510926,ev
8432040,5.327758,ev
8432859,0.3511705,ev
8435232,49.56828170000001,sp
8435247,0.6961295999999999,ev?
8443179,574.7295757,fl
8444552,1.1780996000000001,sp
8445775,26.508270899999996,sp?
8452840,1.2011596000000002,ev
8453191,11.553530699999998,fl
8453324,2.5245437,fl
8454250,5.0828695,fl
8455359,2.9636782999999998,ev
8456774,2.8863397999999996,ot
8456998,7.531511500000001,ot
8458207,3.5301622000000004,sp
8459354,53.557318099999996,ot
8460600,6.352087200000001,sp
8474892,199.44,fl
8479107,0.7675765999999999,sp?
8479386,11.720755699999998,sp
8480642,31.591221700000002,fl
8481574,0.32686479999999996,ev
8488876,5.801881099999999,ev?
8491745,111.31992849999999,fl
8494410,208.8676888,fl
8495415,2.2372185,fl
8496820,0.4369669,ev
8504570,4.0077046,ot
8506766,48.9374112,sp?
8507073,209.0630007,fl
8508485,12.595795599999999,ot
8509346,6.0990331,ev?
8509781,70.3358806,sp
8523194,0.8785326999999999,ev
8539720,0.7444991,ev
8539850,0.6421045,ev
8543278,7.549299900000001,sp
8545456,0.3152045,ev
8548416,1.1636482,ev
8552540,1.0619343,sp?
8552719,88.4074658,sp
8553788,1.6061632,ev
8553907,42.0322129,fl
8554005,0.6083407,ev
8554498,4.780321099999999,fl
8555573,0.32636190000000004,ev
8555795,0.2345234,ot
8559589,223.11304790000003,fl
8559863,22.4704963,sp
8560285,85.340879,fl
8560840,31.9738413,fl
8560861,31.9732325,pu
8561192,2.7425932,ot
8563964,0.33843629999999997,ev
8564672,0.43479120000000004,ev
8565912,1.0121736,ev
8569819,20.8499218,ot
8572936,27.795807899999996,sp?
8574270,15.1201897,fl
8579707,0.7885922,ev
8579812,0.6610619000000001,ev
8580438,6.4960325,sp
8581658,3.4816575,sp
8587078,0.5841474,ev
8587792,0.3681687,ev
8589754,8.9393811,fl
8590527,0.7397699999999999,sp
8590780,8.653893,sp
8604993,6.5704209,sp
8605074,37.6016224,fl
8608310,0.9503824000000001,ev
8608490,1.08281,sp
8610483,48.7993681,fl
8616873,0.5760788,fl
8618226,5.8820362,sp
8620561,0.7820467,sp?
8621026,4.059428700000001,sp
8621353,11.3443514,sp?
8624520,10.2405936,fl
8624778,0.2762617,ev
8625469,0.3022458,ev
8625821,45.3961434,fl
8626039,0.2828906,ev
8631160,161.9650151,fl
8647309,1.0220371,ev
8652599,1.3609931999999998,ev
8654097,3.0415902999999997,ev
8668810,313.1,fl
8669092,1.0008312,sp?
8677949,0.2849507,ev
8678664,15.420400199999998,sp
8682849,0.3525548,ev
8685306,0.8080821,ev
8686150,51.425889700000006,fl
8687088,0.9050306999999999,ot
8688110,374.546,sp?
8690001,19.3592717,sp?
8690104,0.40877440000000004,ev
8694926,0.3714863,ev
8695779,10.2389391,sp?
8696274,0.39148649999999996,ev
8696327,0.8792289000000001,ev
8696442,12.360552900000002,ot
8700506,43.7977954,sp?
8700558,4.7918145999999995,fl
8701327,8.508841199999999,sp?
8702921,19.3843829,ev?
8703129,253.3623268,sp?
8703528,0.39987480000000003,ev
8703887,14.170979999999998,ot
8707639,7.785195699999999,ot
8711548,18.778160999999997,fl
8715667,0.4057079,ev
8719324,10.2326979,ot
8719419,12.625336099999998,ot
8719897,3.1514245,sp
8733497,76.8198978,sp
8736072,0.4776316,ev
8736245,5.0694815,sp
8738115,37.5942656,fl
8739802,0.27451290000000006,ev
8742270,397.3954974,fl
8746310,6.855624400000001,sp
8758161,0.9982175999999999,ev
8758716,0.10720489999999999,ev
8760135,184.65355280000003,fl
8773948,33.4695244,fl
8780968,5.2344872,ev?
8784288,3.655118,sp
8800998,0.8828148000000001,ev
8801343,2.7398738999999996,ev
8803882,89.6302162,fl
8804824,0.45740379999999997,ev
8816790,0.2458562,ev
8822555,0.8528415000000001,ev
8823397,1.5065038,ev
8823666,0.4324514,ev
8823868,23.8761357,sp?
8838070,43.3627245,fl
8841616,1.6795854,ev
8842170,0.34939169999999997,ev
8845026,66.467539,sp
8845221,5.4034624,ev
8846978,1.3790604,ev?
8848104,0.8248518,sp
8848271,9.991665,sp
8848288,5.5664753,fl
8868364,421.4283435,fl
8868649,4.447441,fl
8868650,4.4473818,ev
8868907,157.32449409999998,fl
8869680,7.033950999999999,fl
8872737,0.45909880000000003,ev
8878681,2.4963331,ev
8878719,0.3646346,ev
8879427,16.313284900000003,sp
8879915,3.442627,sp
8891278,12.7187094,sp
8892720,61.4911433,fl
8892722,1.7943779999999998,ev
8892910,10.810134,sp?
8893936,4.244480599999999,ev
8894630,1.0840007999999999,ev
8904448,0.8659826999999999,ev
8906039,2.3474789,ev
8906676,8.209513900000001,sp
8908102,5.4145819,ot
8912308,20.174443,ot
8912468,0.094838,ev
8912911,3.4635602999999997,ev
8913061,1.0199706,ev
8934111,0.3645183,ev
8935352,10.9088,sp
8937019,5.6636524,sp
8938628,6.862215700000001,sp
8939650,3.6553207999999997,sp
8940961,3.1666696,sp
8948424,5.8888397,sp?
8949316,0.6043566,sp?
8953059,5.4999401,sp
8953257,3.2217848,sp
8953296,0.7842945,ev
8953426,5.3317509,sp
8956957,0.3243816,ev
8957887,0.3473549,ev
8957954,4.3598503,sp
8958670,2.4253165,ev
8971432,0.6243873000000001,sp
8972908,4.200125099999999,sp?
8973000,28.027872499999997,sp
8977179,3.1962424,sp?
8977390,0.6532608,ev
8982501,0.41449140000000007,ev
8982514,0.41449129999999995,ev
8984706,10.1354004,sp
9001468,17.3299655,sp
9002076,0.481405,ev
9002237,4.3500882,sp
9004380,0.25033249999999996,ev
9005043,0.320238,ev
9005854,3.7804542000000003,sp
9007918,1.3872069,ev
9016295,19.974483,fl
9016693,26.3680271,ot
9020289,0.38402790000000003,ev
9020426,0.9133929000000001,sp
9021397,0.4262114000000001,ev
9024857,35.0265936,sp
9025914,11.320321400000001,sp
9026766,0.2721278,ev
9027841,0.5040004,sp?
9028024,3.8578626000000003,ev
9028474,124.93657920000001,fl
9029486,6.2771614,sp
9030447,0.5666978,sp?
9030509,0.40178459999999994,ev
9030817,2.0262233,ev
9032671,0.24960789999999997,ev
9032900,67.52422259999999,sp
9048145,8.667826,ev
9051716,1.3908162,ev
9051723,0.4034483,ev
9053086,1.2748413,ev
9071104,0.3852134,ev
9071373,0.42176899999999995,ev
9071386,4.693306099999999,sp
9075704,0.5131523,ev
9077796,0.2380804,ev
9083523,0.9184208,ev
9084778,0.5922444,sp?
9085955,0.3592478,ev
9087918,0.44560690000000003,ev
9091810,0.4797214,ev
9092303,2.5771644,ev
9094335,0.3407591,ev
9097120,23.8996529,fl
9097798,0.33406540000000007,ev
9098590,2.2435709999999998,sp
9098810,8.258182000000001,sp
9101279,1.8114606,ev
9101400,1.6580371999999999,ev
9108058,2.1749313,ev
9108579,1.1696282,ev
9110213,0.3370543,ev
9110346,1.7905531000000003,sp
9117416,20.0346008,sp?
9119405,18.646323300000002,fl
9119652,2.216238,sp
9137992,1.4700455,sp
9140402,2.4941656,fl
9142964,0.5892528,ev
9143254,2.2750493,sp
9145707,0.32077059999999996,ev
9145846,0.2944796,ev
9149789,0.7050231,fl
9151763,438.05193899999995,sp
9151972,0.3867961,ev
9153621,305.8196777,fl
9159301,3.0447704,ev
9161428,0.3025934,ev
9163674,1.546289,ev
9163796,121.00684409999998,fl
9164561,1.2670378,ev
9164694,1.1113636,ev
9164836,48.1188189,fl
9166862,3.8555992999999993,sp?
9172506,50.4403135,sp?
9178185,2.992707,ev?
9179531,6.510780400000001,sp
9179806,0.28096329999999997,ev
9180282,3.0376007,sp
9181877,0.3210098,ev
9205993,1.2197374,ev
9207508,2.0151524,ev
9210828,1.6564127,sp
9214712,265.3009735,sp?
9214715,265.3,fl
9220600,0.9791626,ev
9221398,13.78752,sp
9228778,1.5665945,ev
9236858,2.5370817999999997,sp
9237149,0.5263441,ev
9237533,1.8686558999999998,ev
9237755,0.3316703,ev
9238207,0.23135300000000003,ev
9239684,0.2618159,ev
9240664,10.784333,fl
9243795,14.443130100000001,ot
9245929,0.3083748,ev
9246715,171.2776968,fl
9266285,5.613869599999999,sp
9268105,0.4256937,ev
9272276,0.280613,ev
9274472,0.30209050000000004,ev
9278021,3.3594714999999997,sp
9278553,18.610095,fl
9282687,1.6804361,ev
9283826,0.3565238,ev
9284741,20.7292642,sp?
9285587,1.8119482,ev
9288175,0.2609349,ev
9288786,1.7441023,sp
9290838,0.3630317,ev
9291368,3.7964709,ev
9291629,20.686104,sp
9291748,15.9269941,sp
9307423,0.5586161000000001,ev
9328852,0.6458515,sp
9343862,1.1232568,ev
9344623,14.7594793,fl
9345163,0.2451223,ev
9345838,1.0458736,ev
9346253,34.064578000000004,fl
9346655,0.8716212,sp
9347868,0.31847,ev
9350889,0.7259479999999999,ev
9353182,10.4762575,sp
9353234,1.4865274,ev
9356753,0.5926789000000001,ev
9357030,0.28044209999999997,ev
9357275,1.588298,ev
9365025,0.9843043,ev
9366988,1.2190299999999998,sp
9388303,0.2667035,ev
9389122,0.3499502,ev
9392331,0.26176220000000006,ev
9392682,0.8929178,ev
9392702,3.9093145,sp
9394601,0.8768264000000001,ev
9402652,1.073104,ev
9408183,49.683544,ot
9408440,989.985,sp?
9411317,8.290500999999999,sp
9411943,3.8440226,sp
9412114,0.2502522,ev
9412462,10.186589900000001,sp
9414905,0.4565263,ev
9418619,6.1502471,ev
9418994,32.0038006,fl
9419603,1.0524171999999998,ev
9426071,28.714204,sp
9426970,1.7711335,ev
9446824,4.2023345999999995,sp
9450883,0.3636562,ev
9451096,1.2503908000000001,ev
9451127,5.1174021,sp
9451598,0.3623487,ev
9453192,0.7188371,ev
9466316,0.3525353,ev
9468296,5.7488257,sp
9468382,11.082488699999999,fl
9468384,11.0825776,sp
9470054,1.4732284,ev
9470175,0.3038318,ev
9472174,0.1257653,ev
9474222,13.6917881,sp?
9474485,1.0251632,sp
9474969,21.5705056,fl
9475663,0.7080268,ev
9478836,0.2540637,sp?
9479460,2.0738833999999997,ev
9480516,1.4298111,ev
9480535,160.1341104,fl
9480977,0.8710309000000002,ev
9481674,0.38885970000000003,ev
9489411,6.688927799999999,ev
9489947,54.06131479999999,sp?
9508052,0.27999609999999997,ev
9508954,1.1006461,ev
9509207,14.199840099999998,sp
9512958,3.2371513,ev?
9514070,0.6072561,ev
9517991,717.0,sp
9519590,0.33089409999999997,ev
9520700,4.2736689000000005,sp
9527167,0.2808953,ev
9528420,4.7084691,sp
9528430,90.08251700000001,fl
9529733,4.809132,ev
9529856,37.4822247,sp
9532123,8.215,sp
9532219,0.19815510000000003,ev
9532421,4.309126,sp
9532591,0.3583755,ev
9533489,197.15,ot
9533508,0.37353709999999996,ev
9533706,0.2841181,ev
9535080,49.6452963,fl
9536053,0.4721663,ev
9540226,175.4588273,fl
9540450,2.1547127,sp
9541127,0.5366512,ev
9544350,2.2597771,ev
9549472,15.7137908,fl
9551200,0.7119215999999999,ev?
9552608,9.2506211,sp?
9552668,2.3873612,ev
9569866,1.4803231000000001,sp
9574614,0.9820853999999999,ot
9576197,7.9644342,sp
9579192,12.0835421,sp?
9579499,7.946715400000001,sp
9588822,71.76019050000001,sp
9592145,0.4888674,ev
9592575,2.6375751,sp
9592705,10.275300999999999,sp
9592855,1.2193247999999999,ev
9593528,1.8866281000000003,ev?
9593759,2.4943179,sp
9596037,33.3556133,fl
9596089,20.83899,sp
9596187,0.9533166999999999,ot
9597095,2.7456398999999996,sp
9597411,1.5756316000000001,sp
9602542,1.4631744,ev
9602595,3.5565084000000002,ev
9612468,0.1334715,ev
9613070,2.3318534,ev
9632895,27.3220462,sp
9634821,73.75790040000001,sp
9635529,4.70391,sp
9636559,10.6367,fl
9637239,0.7730256999999999,ev
9637265,1.8554529,ev
9637299,1.8824412,sp
9639265,0.5063531,ev?
9639491,0.34454559999999995,ev
9640921,80.7061705,fl
9640985,2.1781536,fl
9641018,2.1781552000000004,fl
9641031,2.1781542999999997,sp
9641255,2.1781482999999997,fl
9642018,0.505111,sp
9644680,0.5859408,ev
9649222,5.9186193,sp
9649493,0.3715687,ev
9651298,2.1551199,ev
9652632,4.9776238,ev
9654476,0.3963239,ev
9655129,2.7439966,sp
9655187,4.4162465,ev
9656397,204.7401048,sp
9656543,2.544565,sp
9657096,2.1381817,ev
9658118,24.0599949,fl
9661869,20.4271,fl
9662581,0.2580109,ev
9664215,3.3194959,sp
9664382,0.290754,ev
9665086,0.29653559999999995,ev
9665503,11.5679789,fl
9673173,21.29474,fl
9674608,2.9720447999999995,sp
9692336,0.6878983,ev
9700154,0.2572534,ev
9700181,2.8486181,ev?
9701423,8.607397500000001,ot
9702641,0.5031783,ev
9703626,0.4151477,ev
9705459,2.4865871,sp
9706078,0.6135606,sp?
9711751,1.7115003,sp
9711769,12.9359091,sp
9713664,0.321236,ev
9714123,50.3554612,fl
9714358,6.474177200000001,sp
9715925,6.3081992,fl
9715939,12.8930288,fl
9716456,1.8132862,ev
9717924,0.3955876,ev
9717958,67.99535429999999,fl
9719636,3.3515699999999997,sp
9722737,0.41852799999999996,ev
9724080,1.1739178,ev
9724993,7.8633660999999995,sp
9725155,1.1271457,ev
9752973,0.7167094,sp
9753154,3.7042675000000003,sp
9758089,92.729051,sp
9760531,0.27279790000000004,ev
9761199,1.3840392,sp?
9761573,7.4416079,sp?
9761882,24.5859785,fl
9762519,7.515146499999999,sp
9767392,2.9145155,ev?
9767437,0.7127220000000001,sp?
9772531,31.2016886,sp?
9772642,0.2754317,ev
9774400,10.818292800000002,sp
9775253,8.788496,sp
9776718,0.544351,ev
9777062,19.230037799999998,sp
9777090,5.508136,sp
9777987,0.2585001,ev
9783760,89.73955959999999,sp
9784230,0.7981975,sp?
9784371,3.3012265,ev
9785454,184.52,fl
9786017,4.4980033,sp?
9786165,0.33262509999999995,ev
9786798,0.44546779999999997,ev
9788113,2.0680581,ev
9788457,0.9633378,ev
9790355,14.565547699999998,sp?
9790965,0.8220677,ev
9813678,0.5050786,ev?
9818732,45.035591,fl
9821078,8.4294375,sp
9821151,8.4294126,sp
9821923,0.34953290000000004,ev
9827122,2.1549222,ev
9827149,2.1319392,fl
9832227,0.4579485,ev
9832545,1.0207496999999999,ev
9833618,1.4085018,ev
9833806,0.39317640000000004,ev
9834257,15.651439100000001,sp?
9834719,3.2433377999999995,sp
9835416,4.0366052,ot
9837083,0.623394,ev?
9837544,71.6619292,sp?
9837578,20.733749,fl
9838047,0.43616130000000003,ev
9838060,23.815828500000002,sp
9838975,18.6928663,fl
9839062,424.615,sp?
9839081,2.5592407,sp
9840412,0.8784558000000001,ev
9842890,4.988375700000001,fl
9842906,4.9886019,fl
9843435,1.6847087,ev
9843451,0.4427528,ev
9846348,26.893156899999997,fl
9847239,28.507891100000002,sp
9848190,5.2410044000000005,ev
9850387,2.7485006000000003,sp
9851142,8.4803,ot
9851943,2.1639192000000005,fl
9851944,2.1639017999999997,ev
9873869,4.9947779,sp
9880467,8.973498800000002,sp
9881258,4.0570249,sp
9882280,0.289075,ev
9886224,2.99266,sp
9886255,105.9609415,sp?
9892471,8.2680828,sp
9895004,2.2508272999999996,sp
9895709,1.8189296000000001,fl
9896435,18.0767,sp
9897710,0.42553670000000005,ev
9898364,7.1323815,sp?
9898401,0.15277420000000003,ev
9899181,1.3325528,ot
9899216,10.9158489,ot
9899345,1.3326283,ot
9899416,1.3325545,ev
9902856,271.8257617,fl
9904059,102.9663705,fl
9906590,1.6863376,ev
9907505,39.2068076,fl
9909497,1.2840731,ev
9911112,2.33365,ev
9912977,1.8878745,ev
9913481,7.009485400000001,ev
9934052,0.35224609999999995,ev
9934208,9.0584866,sp
9935245,0.7848598000000001,ev
9935311,0.2737752,ev
9936698,5.7121512,sp
9940565,4.2786538,sp
9941387,27.659608399999996,sp
9944201,0.7215229999999999,sp?
9944421,7.095206599999999,sp
9944907,0.6134398,ev
9945280,1.3034598999999998,sp
9947924,0.3628059,ev
9948002,101.2632974,fl
9948201,0.303181,ev
9953894,1.3825995,ev
9954225,1.3406514999999999,ev
9955262,77.47992559999999,sp?
9956124,0.3627253,ev
9957351,0.4955521,ev
9957411,0.37469009999999997,ev
9957659,30.694552299999998,fl
9957668,30.695334499999998,sp?
9962595,11.374443199999998,sp
9963009,40.0696571,fl
9963461,10.5815718,sp
9965206,16.2275503,sp
9965691,15.6831951,ot
9966115,8.947426400000001,sp
9967884,5.4283503,sp
9970396,235.2993983,fl
9970937,4.8770612,ev
9971475,5.3574082,sp
9991887,0.3223957,ev
9994475,0.31840640000000003,ev
9995660,0.41858999999999996,ev
9995981,0.2932666,ev
10000490,1.4009912,ev
10001167,120.39097140000001,sp?
10002261,12.713794199999999,sp?
10004546,19.3569135,ot
10006096,70.51622579999999,sp
10007533,0.6480635,ev
10014536,1.0093969999999999,ot
10014830,3.0305267000000002,ev
10015516,67.6920522,fl
10019399,11.8057204,sp
10019763,32.5046964,sp
10020247,0.3455567,ev
10020423,7.4483776,sp
10024144,0.8155958999999999,ev
10026136,9.080194300000002,fl
10026457,9.9344232,fl
10028352,1.3868021000000001,ev
10030778,29.4731603,fl
10030943,0.2357801,ev
10031409,4.1438796,sp
10031808,8.589644400000001,sp?
10032392,0.39115679999999997,ev
10032935,0.32051599999999997,ev
10033279,72.49139129999999,fl
10063044,1.0096716000000001,ev
10068030,2.0231187,ev?
10068383,7.3049701,sp
10068919,43.5622719,sp
10074700,365.65,fl
10074939,0.2770936,ev
10083623,1.2785389999999999,fl
10084115,0.30566570000000004,ev
10090246,2.2861056,ev
10091257,3.4038482000000005,sp
10091703,710.5,sp
10092506,31.041674800000003,ot
10095469,0.6777628000000001,ev
10095512,6.0171939000000005,sp
10096019,6.8674693,ev
10096864,1.9467018,ev?
10119517,0.737494,ev
10123627,0.2949393,ev
10128961,0.3477426,ev
10129482,0.8462905999999999,sp
10135584,0.3912945,ev
10148799,0.3466053,ev
10149237,0.29799590000000004,ev
10149845,4.0563649,ev
10152836,220.93,sp?
10153011,83.09759820000001,fl
10154189,0.41123869999999996,ev
10155080,3.8609029,sp
10155563,0.3602672,ev
10156064,4.8559364,ev
10157573,5.1157377,sp?
10158418,5.0074123,sp
10159014,8.7773974,ev
10162999,3.4292146,ot
10186945,0.793671,ot
10189523,1.0139159,sp
10191056,2.4274949,ev
10191070,1.2137451000000001,fl
10198097,2.8152236,ev
10198109,17.9187428,sp
10206340,4.5644014,ev
10208759,4.5750306,ev
10215422,24.847080399999996,sp?
10215869,5.01727,sp
10216186,0.605939,ev
10221886,8.316717599999999,sp?
10223616,29.124582699999998,sp
10225800,1.4237971999999999,ot
10226388,0.6606574000000001,ev
10227863,5.1397087,fl
10228240,2.1734211,ev
10228942,21.0254417,fl
10229723,0.6287243,ev
10232123,1.3437663999999998,sp
10253375,0.3753248,ev
10253421,0.42835390000000007,ev
10255110,0.3367025,ev
10257903,0.8585697,sp?
10258558,20.8678557,fl
10259029,7.061139999999999,sp
10259301,244.833,fl
10259530,0.7072062,ev
10264202,1.0351478,sp?
10265602,165.34467769999998,fl
10267044,0.4300365,ev
10268809,24.708999300000002,sp
10268903,1.1039663,ev
10274218,1.7641118000000002,ev
10274244,13.6836897,sp
10275074,4.3628836,sp
10275197,0.39083470000000003,ev
10275747,0.6617485,ev
10275887,9.7267496,ev
10280990,0.3844574,ev
10285661,0.3082916,ev
10287248,4.7222568,sp
10288502,0.23018470000000002,ev
10291683,2.0437432,ev
10292238,143.1192631,ot
10292413,0.5591588000000001,ev
10292465,1.3533739,sp
10294608,3.7089843,sp
10295951,6.810824799999999,ev
10296163,9.2967644,fl
10319590,21.320459399999997,fl
10320341,30.1146913,ot
10322296,0.31503259999999994,ev
10322582,0.2912692,ev
10330495,18.0600812,sp
10332789,18.740726300000002,fl
10334122,37.9528574,ot
10338279,5.66027,sp
10341913,1.8674985,fl
10342041,1.8674929,ev
10345478,14.498387,fl
10345862,58.2882244,fl
10346522,3.9891419999999997,ev
10350225,0.28206970000000003,ev
10351767,0.6350697,ev?
10352603,32.7789875,fl
10352938,6.4716293,sp
10355671,0.3036296,ot
10357852,0.48834099999999997,ev
10363300,0.9349261000000001,ev
10383620,0.7345628000000001,ev
10383696,8.4877,fl
10384962,2.8792429,sp
10385682,6.2074615,sp
10388897,0.34372870000000005,ev
10389596,2.6092996,ev?
10389809,0.39739709999999995,ev
10389982,0.4439893,ev
10395202,0.3059446,ev
10395543,3.6874702000000004,sp
10395609,0.364254,ev
10407221,0.9337397,sp
10417135,1.2033317,ev
10417986,0.0737309,ev
10418797,23.3553477,fl
10419211,11.5214272,fl
10420279,45.43325,fl
10422852,1.3988896999999998,sp
10447902,0.3374641,ev
10454401,12.1807225,sp
10454725,0.8317678,ev
10462826,50.467031899999995,fl
10464078,19.4040168,sp?
10464666,131.734237,sp
10468514,0.4249383,ev
10480952,4.0749064,ev?
10480982,19.221388,sp?
10481912,0.4423682,ev
10483644,5.1107711,sp
10485069,0.4452718,fl
10485137,0.44527479999999997,ev
10485250,16.4697832,sp
10486425,5.274816,sp?
10487119,6.7493598,sp
10489521,3.2245044,sp
10489539,19.763877700000002,sp
10490960,5.6824110999999995,sp
10491031,4.3981385,ev
10491544,22.771984200000002,fl
10491554,22.7721203,fl
10514770,1.8724203000000001,ev?
10518735,19.515,sp
10528299,0.3998018,ev
10534155,4.3270922999999994,sp
10535807,1.4816559,sp?
10544976,0.3504691,ev
10547209,2.2540395,ev
10547685,2.7770216,sp
10549576,9.089465800000001,sp?
10551346,1.4279628999999998,sp
10555365,5.80181,sp
10556068,2.1171558,ev
10556578,1.2528638,sp
10557008,0.26541859999999995,ev
10581918,1.8018631,ev
10583180,2.6962813,fl
10583181,2.6963227,ev
10583225,2.6963067,fl
10586874,0.5354866,ev
10592163,14.7629466,fl
10593759,6.2652097,sp
10596883,0.46891099999999997,ev
10599397,0.9374066999999999,sp
10600319,0.2815156,ev
10601549,1.4637733999999998,sp
10601579,8.0987542,ev?
10602291,20.9273614,sp
10611450,11.6527485,ot
10613718,1.1758779,sp
10614012,132.167312,fl
10614158,4.4622602,sp
10616571,23.6731066,sp
10616656,25.285262,ot
10616829,1.0729341000000001,ev
10618253,0.43740280000000004,ev
10619109,2.0451826,ev
10619506,0.5035552,ev
10651945,25.366996399999998,fl
10656508,124.0358316,fl
10657664,3.2736987999999996,ev
10659313,15.249337099999998,sp
10661783,1.2313633,ev
10664416,25.322174399999998,fl
10666230,1.5777967,fl
10666242,87.2394801,fl
10676927,1.0311005,sp
10677186,100.40130500000001,fl
10679505,5.6751864,sp?
10680475,0.3498321,ev
10684673,0.19255629999999999,ev
10686876,2.6184272999999996,ev
10710755,4.8166114,sp
10711551,10.692219099999999,sp
10711646,0.7376522,sp
10711913,19.408015600000002,sp
10711938,0.35760390000000003,ev
10723143,0.30764159999999996,ev
10724533,0.7450918000000001,ev
10727655,0.3533655,ev
10727668,2.3059,ev
10728219,3.3718077000000006,sp
10735331,213.39934240000002,sp?
10735519,0.9070640999999999,sp?
10735564,1.674985,ev
10735988,1.9271744,sp
10736223,1.1050943000000002,ev
10737574,0.3656208,ev
10743597,81.1946238,sp
10743600,0.8170229999999999,ev
10748621,286.18,fl
10751515,56.4064912,sp?
10753734,19.4066925,sp
10753751,0.44296179999999996,ev
10789421,0.7768524,ev
10794242,7.1437058,sp
10794405,0.9523775,ot
10794878,0.4327707,ev
10796477,0.484966,ev
10797126,0.43243990000000004,ev
10798605,56.0481655,fl
10798838,62.1276652,sp
10799558,0.3664795,ev
10799735,37.5903,sp?
10801703,0.3130925,ev
10802917,0.27245240000000004,ev
10809677,7.0421757,fl
10809970,0.4470545999999999,ev
10815379,0.8905202,ev
10816107,2.1615802000000004,sp
10818544,1.3692171,ev
10844279,0.6234128000000001,ev
10845188,249.36194550000002,fl
10847118,0.2935526,ev
10848459,1.7369522000000002,ev?
10848807,0.3462467,ev
10849244,24.261682999999998,sp?
10854621,0.3759388,ev
10855535,0.11278239999999999,ev
10857342,2.4159252,ev
10857519,2.0533343,sp
10857589,32.532526399999995,fl
10858117,606.11,fl
10858720,0.9523775999999999,ev
10861842,0.47194319999999995,ev
10863286,3.7238667000000003,ev
10873904,9.8856332,ot
10874226,11.9736249,fl
10874926,11.703107199999998,sp
10877703,0.4369367,ev
10879213,1.3369714,ev?
10880490,0.2980053,ev
10904857,3.1208306,sp
10905804,0.7510975000000001,ev
10905824,2.7195351000000003,ev
10909274,39.2381401,fl
10916675,0.4188679,ev
10919564,0.4621374,fl
10920086,3.213193,ev?
10920314,0.5051686,ev
10920813,53.7409031,fl
10923260,7.436017,sp
10924462,0.3753715,ev
10924853,4.2048087999999995,fl
10925104,8.041339,sp
10934755,0.7864843,ev
10935310,4.1287955,sp
10936427,14.3610225,sp
10937609,2.5704312999999996,ev
10960995,3.1170871,sp
10963242,6.1468224000000005,fl
10965091,0.2358555,ev
10965963,6.640241499999999,sp
10972830,0.6784503000000001,ot
10973583,6.2563432,ev?
10979669,0.925768,ev
10979716,10.6840564,sp
10987439,10.6745992,sp
10989032,2.3050976000000003,ev
10991769,3.2813452000000005,ev
10991989,0.9744780000000001,sp?
10992733,18.5259185,sp
11012801,0.3673112,ev
11013201,0.22739369999999998,ev
11017077,0.7085639,ev
11021252,3.2691917999999998,sp
11027722,0.6781374,fl
11036301,0.2852372,ev
11036692,0.3589468,ev
11042923,0.3901623,ev
11044668,139.45,fl
11044779,15.6086226,sp
11045383,41.166738099999996,sp
11046124,4.3074087,ev
11069176,15.3796149,sp
11071207,8.0496347,fl
11071278,55.885225,sp
11073223,11.5789467,sp
11076176,0.6999860999999999,ev?
11076279,1.4725851,ev?
11083888,0.34266729999999995,ev
11084647,0.3116736,ev
11084782,0.586535,ev
11086270,12.691047,fl
11091082,0.3850824,ev
11097678,0.9997155999999999,ev
11099351,2.3779548999999998,sp
11100657,8.3441012,sp
11124509,8.8929049,sp
11125936,2.6722175,fl
11127048,0.2993229,ev
11133313,27.4008932,sp?
11134079,1.260566,sp
11135978,0.2920594,ev
11137143,0.3135334,ev
11138155,4.9593282,fl
11144556,0.6429796999999999,ev
11147276,3.1330583,sp
11147460,4.1077356,sp
11147814,95.178299,fl
11151970,0.3116291,ev
11153627,0.5616973000000001,ev
11154110,0.5296642,ev
11175495,2.1910272,ev
11179657,0.7889122,ev
11180361,0.5330609000000001,ev?
11182260,1.291972,sp
11187837,17.604587,sp
11189127,2.6719431,sp
11190836,0.40401620000000005,ev
11193447,0.625884,ev?
11197126,4.4948087999999995,fl
11197853,0.6984615,fl
11198068,0.4001746,ev
11198723,6.8403056,sp
11200405,4.6396,sp
11200773,2.4895516,sp
11228612,2.9804798999999997,sp
11230837,0.44607870000000005,ev
11231334,4.1574813,sp
11232745,9.6342435,sp
11233911,4.9598996,sp
11234677,1.5874247,sp
11235323,19.6684015,sp
11236035,2.3190031,ev
11240948,3.4019372000000003,ot
11241814,227.66437549999998,fl
11242721,19.651204999999997,fl
11244501,0.2966763,ev
11245381,0.3069917,ev
11246163,0.2792275,ev
11247386,0.3943253,ev
11249624,65.5837209,fl
11250867,2.2528222,sp
11252617,4.4781198,sp
11255667,0.8189143,ev
11255761,4.992677099999999,fl
11284227,0.4375709,ev
11284547,0.2624405,ev
11285136,2.3681777999999998,sp
11285625,10.7904443,ot
11287726,4.7377142,sp
11288684,22.210062899999997,fl
11289003,0.3303415,ev
11295026,0.2908549,ev
11295347,0.8884399,ev
11303416,0.3207842,ev
11303526,0.7200905,ev
11303811,3.3794695,sp
11304987,1.3853862,fl
11305087,0.3092669,ev
11336707,0.25129819999999997,ev
11338865,0.8803849,ev
11341950,0.2883712,ev
11342573,91.05603520000001,fl
11347875,3.4550909,ev?
11350389,1.512644,sp
11352791,0.28051929999999997,ev
11357192,186.5167873,sp
11358392,0.9849768,sp
11359305,28.487114799999997,ot
11391181,8.6173396,sp
11391667,1.0837368,ev?
11391755,25.104114499999998,fl
11392618,110.93,fl
11395117,0.30651690000000004,ev
11395645,0.49690909999999994,ev
11401845,2.1613990000000003,ev
11402381,0.4173647,ev
11403032,7.631634399999999,ot
11403216,4.0532529,sp
11403776,0.4018056,ev
11404644,5.9025999,sp
11404698,0.5901920999999999,sp?
11404758,0.3512461,ev
11405559,0.28493670000000004,ev
11408810,0.7492873999999999,ev
11408935,15.9950902,sp
11409698,10.2678271,sp?
11410485,0.42879290000000003,ev
11413213,0.2374665,ev
11442348,0.3128408,ev
11442465,33.9338311,fl
11442793,842.4,fl
11444780,0.2867135,ev
11447953,1.4988837,ev
11449844,38.478764399999996,sp
11455484,6.14275,sp
11455795,1.0573353,sp
11457191,2.2983952999999997,sp
11460346,0.3856483,ev
11463211,1.5063541999999999,fl
11465813,670.7,fl
11494130,18.9554142,ot
11494583,0.24834189999999998,ev
11495766,8.3404432,fl
11495781,0.5079343,ev
11496078,0.2997192,ev
11498689,0.30630599999999997,ev
11499263,46.6982167,fl
11499757,12.3143985,fl
11502172,25.4319585,fl
11502581,0.333636,ev
11506235,20.4130553,sp
11506938,22.5747805,ot
11509282,0.6340339,ev
11515292,3.4194671000000003,ev
11517719,2.4957792999999997,sp
11519134,58.58498639999999,sp
11519226,22.1607147,sp
11521048,25.7028687,sp
11546211,2.1944213,sp
11547869,10.727416999999999,sp?
11548140,2.7573005,sp
11558882,73.9210064,ot
11559864,0.3833011,ev
11560037,1.4665219999999999,sp
11560447,0.527679,ev?
11564013,1.7505355,sp
11566174,0.2768752,ev
11568428,1.7106289000000001,ot
11568657,13.4760462,sp?
11568987,15.9599451,sp
11572363,19.027752600000003,sp
11572643,0.34540390000000004,ev
11599264,8.428150599999999,fl
11604958,0.2989297,ev
11612091,0.45426880000000003,ev
11615481,65.4320106,fl
11616200,1.718649,sp
11616594,14.5876122,ev
11618883,0.6848719,ev
11619964,10.3685551,ev?
11649962,10.5627371,sp?
11652545,0.4127947,ev
11656302,22.2648087,fl
11656840,7.442659700000001,sp
11662440,13.6394573,sp
11671429,112.4637124,fl
11671660,8.710339,ev?
11672319,0.33177540000000005,ev
11673686,4.618769,sp
11700133,6.754016900000001,ot
11703960,0.6044168000000001,ev
11704044,13.765345300000002,sp
11704155,0.27386740000000004,ev
11706658,1.4079433000000001,sp
11716688,0.3012184,ev
11717798,0.3747149,ev
11722816,0.32037340000000003,ev
11724091,1.5590905000000002,ev?
11724210,5.746018,sp
11751847,0.3314836,ev
11761199,213.6229022,fl
11768970,15.541352999999999,sp?
11769146,282.9658277,ot
11769739,0.2524728,ev
11769801,29.7082201,ot
11774013,3.7562477,ev
11774383,0.5202270999999999,ev?
11805075,199.83989780000002,fl
11805235,0.3951932,ev
11811454,2.2746277999999998,ev
11817750,9.7625507,sp
11819135,1.9016380000000002,ev
11820830,12.731869699999999,pu?
11824222,15.841335899999999,sp
11825057,0.5320878000000001,ev
11825204,0.20963560000000003,ev
11826400,5.8893723,sp
11853130,76.8793921,sp
11858541,5.674353400000001,sp
11858979,3.059169,fl
11859811,22.3141477,sp
11867071,3.96385,sp?
11869052,20.545495000000003,sp?
11873166,1.4688523999999998,sp
11874338,15.9751769,fl
11875511,67.4515439,sp
11875706,0.38572059999999997,ev
11904038,0.6322198,ev
11906217,37.9102159,sp
11909686,185.95449580000002,fl
11909839,10.405998,fl
11910076,0.3481228,ev
11911561,8.870412400000001,sp
11913012,3.7478483999999996,fl
11913071,3.7478351,ev
11920266,0.4674102,ev
11922782,3.5129339,sp
11923629,17.973283600000002,sp
11923819,33.1595125,ev?
11924311,0.44511629999999996,ev
11924426,64.7131612,ot
11959569,46.1487411,fl
11961695,1082.815,fl
11966557,60.297611100000005,sp?
11967004,1.9416358,sp
11968490,1.0788901000000002,sp?
11968513,1.0365914,sp?
11970288,20.7023187,sp?
11972387,0.3278982,ev
11973705,6.7721423,ot
11974540,24.6691944,sp?
11975363,3.5184191,sp
12004679,5.0424901,sp
12004834,0.26231679999999996,ev
12010534,2.5815947999999995,sp
12013615,8.2028691,sp
12016304,1.024052,ev
12017140,22.8452421,sp
12019674,0.3545042,ev
12021387,241.0710335,sp?
12022517,3.4427135,sp
12022718,9.2553314,fl
12023089,0.6234413000000001,ot
12055014,0.4999045999999999,ev
12055255,0.22093939999999998,ev
12055421,0.385606,ev
12055517,0.6097519,ev
12059158,0.4718237,ev
12062660,2.9293,ev
12066630,1.0983743000000001,ev
12071006,6.0960264,ev
12071741,0.31426420000000005,ev
12104285,0.2514509,ev
12105785,31.9530294,fl
12106934,5.9370457000000005,sp?
12108333,0.7054482,ev
12109267,79.33211800000001,fl
12109575,0.5316546999999999,ot
12109845,0.8659588,sp?
12153332,0.29462659999999996,ev
12157987,0.5778444,ev
12164634,89.33121690000002,ot
12164751,2.6300876,ev
12167361,47.930949600000005,sp?
12170648,0.599386,sp
12208887,53.50180079999999,sp?
12216706,1.4710604999999999,ev
12216817,0.24627310000000002,ev
12217907,43.2045856,fl
12218858,0.4266579000000001,ev?
12251650,17.761994899999998,fl
12251779,14.8442331,fl
12253490,19.1597425,sp
12255108,9.1315263,ot
12255382,0.9993228000000001,sp
12257908,2.6159168999999998,ev
12267718,0.5450505999999999,ev
12268220,4.4215699,ev
12301181,6.147279,fl
12302391,25.3217327,fl
12305537,0.361815,ev
12306808,37.8784839,fl
12316447,17.9077,sp?
12350008,0.18452960000000002,ev
12351927,10.1161484,sp
12352712,0.722065,ev
12353720,1.9533099999999999,sp?
12356746,1.0049085,sp
12356914,27.307455400000002,fl
12365000,1.2627433000000001,sp
12367310,8.627487400000001,sp
12367464,1.8532087,sp
12400729,0.9317259,sp
12404615,0.36629079999999997,ev
12405950,3.5396300000000003,sp?
12418274,0.3527220999999999,ev
12418319,1.3569736000000001,sp?
12418662,2.751574,sp
12418816,1.5218703000000002,sp
12458133,0.3325218,ev
12458797,0.24132119999999999,ev
12459731,14.1812065,fl
12470041,14.6677416,sp?
12470530,8.2072571,sp
12470954,1.9022098000000003,sp?
12504988,5.0939385,sp
12506351,2.4555173,sp
12508335,42.943865,fl
12508348,0.2556047,ev
12553806,0.4631237,ev
12554536,0.6844956,ev
12557713,7.214722599999999,sp
12598713,0.257179,ev
12599700,1.0177858,sp?
12602985,0.2508689,ev
12643582,88.2954,sp
12644769,41.077586700000005,sp
12645761,5.4191379,sp?
12785282,0.7887499,ev
